{
  "jjm": {
    "acc": 1.0,
    "f1": 1.0,
    "auc": 0.9999999999999999
  },
  "pmjanman": {
    "acc": 0.9,
    "f1": 0.9473684210526315,
    "auc": 0.5017111111111111
  },
  "dajgua": {
    "acc": 1.0,
    "f1": 1.0,
    "auc": 0.9999999999999999
  },
  "mgnrega_community": {
    "acc": 1.0,
    "f1": 1.0,
    "auc": 1.0
  },
  "nrlm_community": {
    "acc": 1.0,
    "f1": 1.0,
    "auc": 0.9999999999999999
  },
  "tribalprod_community": {
    "acc": 0.9,
    "f1": 0.0,
    "auc": 0.4732638888888889
  },
  "ngogrant": {
    "acc": 1.0,
    "f1": 1.0,
    "auc": 1.0
  }
}